{"cameraMode":{"drawMode":0,"name":"Shaded","section":"Shading Mode"},"sceneLighting":true,"audioPlay":false,"sceneViewState":{"m_AlwaysRefresh":true,"showFog":false,"showSkybox":true,"showFlares":true,"showImageEffects":true,"showParticleSystems":true,"showVisualEffectGraphs":true,"m_FxEnabled":true},"in2DMode":false,"pivot":{"x":337.0300598144531,"y":234.4000244140625,"z":-73.93612670898438},"rotation":{"x":-0.00013056903844699264,"y":0.9997659921646118,"z":-0.0063082389533519749,"w":-0.02069717086851597},"size":328.2336730957031,"orthographic":true}